,0,1,2,3,4,5,6,7,8,9,10,11,12,13,14,15,ID,average
0,83.9,97.46,98.67,98.78,98.66,98.74,98.3,98.55,98.34,98.35,98.56,98.44,98.53,98.19,97.48,95.67,1,91.62470588235294
1,80.91,95.82,98.35,98.8,98.58,98.58,97.95,98.22,97.46,97.65,96.86,96.4,94.4,88.67,88.35,85.16,2,89.06823529411767
2,83.64,97.47,98.67,98.8,98.69,98.77,98.36,98.61,98.37,98.46,98.58,98.37,98.24,97.98,97.0,94.32,3,91.60764705882353
3,82.95,97.37,98.61,98.74,98.59,98.67,98.13,98.3,98.01,97.99,98.01,97.57,97.71,96.85,93.76,89.9,4,90.89176470588234
4,82.68,97.28,98.59,98.71,98.52,98.59,97.92,97.99,97.5,97.27,96.99,95.18,95.79,91.43,86.22,75.44,5,88.88823529411765
5,82.87,95.78,98.48,98.82,98.68,98.74,98.28,98.71,98.52,98.65,98.53,98.24,97.76,94.83,86.53,73.14,6,89.56235294117647
6,80.28,95.22,97.82,98.45,98.06,98.16,97.19,97.04,96.48,96.2,95.63,95.2,93.95,87.99,83.51,84.28,7,88.38000000000001
7,83.14,97.38,98.62,98.75,98.6,98.66,98.07,98.34,98.18,98.22,98.4,98.37,98.45,97.88,96.75,94.17,8,91.76352941176471
8,82.86,97.39,98.63,98.74,98.6,98.66,98.09,98.33,98.13,98.15,98.34,98.23,98.25,97.04,94.65,92.62,9,91.51235294117647
9,83.67,97.41,98.65,98.77,98.65,98.72,98.22,98.44,98.21,98.33,98.47,98.24,98.31,97.42,94.77,91.8,10,91.65176470588234
10,78.23,94.17,97.26,98.32,98.0,98.32,97.51,97.48,97.2,97.37,97.52,97.17,97.02,94.63,90.12,82.8,11,89.65411764705883
11,79.1,95.27,97.8,98.6,98.42,98.59,97.99,98.25,98.0,97.96,98.07,97.95,97.93,96.9,94.39,91.52,12,91.10235294117649
12,75.03,92.11,96.66,98.11,97.6,97.77,96.97,97.1,96.98,97.63,97.69,97.9,97.67,96.82,88.99,79.9,13,89.29000000000002
13,78.59,94.1,97.44,98.4,98.19,98.49,97.76,98.0,97.65,97.99,98.04,98.15,98.03,96.61,92.71,87.53,14,90.6870588235294
14,69.4,81.08,91.98,95.13,96.42,97.12,96.5,96.41,96.79,96.98,97.41,96.72,96.66,92.93,85.15,70.35,15,86.59000000000002
15,81.49,95.55,98.13,98.61,98.48,98.62,98.11,98.44,98.28,98.34,98.56,98.4,98.5,98.25,97.5,95.29,16,92.15
16,61.62,51.81,68.26,85.2,90.6,92.27,93.9,92.28,95.26,95.91,96.81,97.3,96.77,95.14,87.75,76.12,17,82.0
17,81.96,96.2,98.37,98.63,98.45,98.62,97.96,98.28,97.87,97.94,98.07,97.72,97.61,95.7,91.36,85.31,18,91.06176470588234
18,82.92,96.73,98.51,98.72,98.58,98.72,97.88,98.51,98.27,98.4,98.55,98.56,98.56,98.34,97.39,94.94,19,92.50470588235294
19,82.03,96.05,98.34,98.56,98.26,98.4,97.26,97.29,96.59,96.9,97.22,97.1,97.17,95.39,90.71,84.15,20,90.67176470588235
20,82.34,96.27,98.4,98.59,98.31,98.53,97.7,97.81,96.58,97.24,97.55,97.65,97.37,95.75,91.78,86.29,21,91.12705882352941
21,81.86,96.27,98.35,98.62,98.34,98.56,97.8,97.95,97.04,97.65,97.86,97.95,98.01,97.55,94.39,90.85,22,91.8264705882353
22,79.37,94.19,97.43,98.14,97.82,98.06,97.16,96.86,95.96,96.65,96.47,96.34,96.27,93.82,77.84,71.57,23,88.6441176470588
23,83.09,96.17,98.53,98.81,98.66,98.76,98.41,98.67,98.18,98.55,98.43,98.31,97.84,96.66,88.45,76.67,24,91.07000000000001
24,83.24,96.06,98.46,98.79,98.63,98.64,97.98,98.57,98.34,98.53,98.5,98.49,98.44,98.23,96.32,94.01,25,92.7194117647059
25,83.29,95.93,98.46,98.79,98.64,98.64,98.01,98.57,98.35,98.57,98.55,98.57,98.48,98.34,96.82,94.71,26,92.86588235294117
26,76.73,93.74,97.6,98.31,98.0,98.32,97.59,97.69,97.43,97.84,97.84,97.75,97.78,96.37,93.29,87.38,27,91.21529411764708
27,83.48,97.26,98.61,98.78,98.62,98.71,98.12,98.46,98.26,98.47,98.45,98.11,97.94,96.73,89.1,72.14,28,91.13176470588235
28,81.7,95.67,98.26,98.57,98.28,98.41,97.15,97.33,97.22,97.33,96.96,97.11,96.87,94.86,89.47,79.4,29,90.7994117647059
29,78.76,94.54,97.75,98.61,98.28,98.2,97.0,97.59,97.33,97.72,97.74,97.99,97.66,96.72,90.15,76.63,30,90.74529411764709
30,81.84,96.15,98.33,98.64,98.33,98.4,97.21,97.39,97.29,97.28,97.66,97.82,97.87,97.05,93.47,86.96,31,91.92294117647059
31,83.72,97.28,98.58,98.74,98.55,98.63,97.9,98.03,97.95,98.06,98.17,98.16,98.29,97.98,96.86,94.58,32,93.14588235294117
32,84.51,97.54,98.65,98.77,98.64,98.69,98.14,98.32,98.1,98.14,98.34,98.25,98.4,97.97,96.72,93.9,33,93.29882352941178
33,85.76,96.67,98.43,98.81,98.71,98.7,98.05,98.51,98.01,98.12,97.82,98.03,97.82,96.21,90.2,81.2,34,92.06176470588235
34,83.39,97.02,98.54,98.75,98.58,98.68,98.12,98.42,98.08,98.19,98.32,98.17,98.32,98.01,97.06,95.15,35,93.39999999999999
35,84.12,97.26,98.65,98.82,98.74,98.81,98.31,98.72,98.53,98.67,98.67,98.64,98.64,98.37,97.4,94.32,36,93.68647058823531
36,83.94,97.38,98.64,98.79,98.69,98.76,98.4,98.61,98.36,98.48,98.57,98.42,98.38,97.69,95.68,89.61,37,93.25882352941177
37,85.96,97.01,98.52,98.81,98.73,98.73,98.18,98.61,98.24,98.36,98.18,98.26,98.2,97.35,94.01,86.68,38,93.04882352941178
38,83.73,97.27,98.6,98.77,98.64,98.71,98.25,98.44,98.02,98.11,98.21,97.89,97.77,95.93,88.76,75.9,39,91.88235294117648
39,81.1,95.66,98.27,98.77,98.55,98.44,97.71,98.11,97.59,97.68,97.55,97.87,97.7,96.32,91.93,86.17,40,92.31882352941179
40,83.45,96.58,98.49,98.68,98.58,98.67,98.11,98.44,98.2,98.26,98.39,98.13,98.15,97.01,95.02,88.85,41,93.1770588235294
41,72.13,89.85,96.02,96.82,97.54,97.89,97.33,97.77,97.61,98.01,98.08,98.06,97.75,96.29,91.45,84.45,42,91.12058823529412
42,52.4,85.79,92.15,93.83,94.25,94.79,94.88,93.88,95.86,96.68,97.22,97.01,96.58,95.11,86.27,69.16,43,86.99176470588235
43,79.25,94.48,97.16,97.84,98.13,98.51,97.83,98.21,98.0,98.16,98.14,97.77,97.44,95.56,83.07,69.9,44,90.79117647058824
44,58.23,79.09,87.41,89.51,93.41,95.01,95.29,94.34,96.3,96.99,97.69,97.66,97.49,96.14,91.34,83.7,45,87.91764705882353
45,58.4,83.92,90.51,94.13,93.78,95.04,94.63,94.05,95.37,95.27,95.36,96.21,95.71,93.81,86.25,78.62,46,87.47411764705882
46,48.62,81.08,91.28,94.05,93.76,94.16,93.89,92.68,94.65,94.12,95.16,94.87,94.05,89.43,81.59,67.54,47,85.17235294117646
47,53.96,80.64,89.38,93.32,94.85,95.42,95.89,96.1,96.95,97.67,97.36,97.52,97.17,94.53,86.74,74.67,48,87.65705882352943
48,47.86,79.89,89.84,92.08,91.6,91.9,92.12,90.87,93.22,93.81,94.43,94.21,93.8,90.44,79.15,56.37,49,83.56411764705884
49,54.03,80.89,89.39,93.47,94.63,95.19,95.7,95.3,96.47,97.0,96.83,96.7,95.99,92.67,77.6,65.86,50,86.33647058823529
50,85.57,96.18,98.3,98.77,98.67,98.68,98.14,98.36,97.99,98.08,97.78,97.66,96.8,92.84,83.84,61.0,51,91.1564705882353
51,80.53,95.92,98.33,98.8,98.54,98.51,97.84,98.21,97.68,97.89,97.72,97.49,97.26,95.79,81.23,66.39,52,91.18411764705883
52,81.07,96.04,98.35,98.82,98.52,98.5,97.77,98.15,97.61,97.84,97.74,97.82,97.62,95.86,86.8,74.61,53,92.12470588235293
53,81.01,95.94,98.38,98.81,98.57,98.55,97.89,98.28,97.75,98.05,97.87,97.77,97.4,96.3,81.38,62.76,54,91.21823529411763
54,82.73,96.94,98.52,98.72,98.55,98.64,98.04,98.36,97.98,98.08,98.22,97.92,97.84,96.75,90.64,78.47,55,93.02352941176471
55,82.9,96.53,98.41,98.65,98.4,98.48,97.38,97.77,97.44,97.22,97.08,96.58,96.39,93.2,77.02,61.65,56,90.65294117647059
56,81.45,96.35,98.43,98.83,98.63,98.64,98.0,98.46,98.02,98.3,98.28,98.4,98.36,97.9,94.83,89.79,57,94.09823529411766
57,81.53,96.46,98.45,98.84,98.62,98.64,97.87,98.42,98.05,98.33,98.3,98.32,98.24,97.69,93.55,86.29,58,93.85882352941177
58,81.55,95.27,97.81,98.16,97.41,97.8,97.08,95.98,96.25,96.81,97.02,96.44,96.21,93.44,81.86,57.75,59,90.3435294117647
59,68.94,48.38,63.29,56.32,59.09,58.21,50.83,56.49,75.9,57.74,75.22,54.73,66.66,61.44,54.4,53.89,60,60.089999999999996
60,81.56,95.29,98.01,98.37,98.0,98.08,97.39,96.79,96.77,97.1,97.5,97.45,97.43,95.36,90.83,84.79,61,93.04235294117647
61,78.83,93.0,96.77,97.15,96.13,96.16,91.19,92.92,94.93,95.94,96.54,97.22,97.27,96.72,93.05,89.82,62,92.09647058823529
62,78.54,94.45,97.81,98.62,98.24,98.15,96.83,97.62,97.6,97.92,97.97,98.23,98.03,97.38,93.1,85.34,63,93.4605882352941
63,79.91,95.77,98.09,98.51,98.1,98.23,96.63,97.08,96.98,97.21,97.2,97.2,97.41,96.48,92.52,87.17,64,93.44058823529413
64,80.05,95.14,98.02,98.48,98.12,98.27,96.74,97.16,97.2,97.34,97.67,97.92,97.93,97.46,94.73,92.09,65,94.07764705882354
65,81.13,95.63,98.18,98.57,98.21,98.36,97.24,97.07,97.26,97.34,97.49,97.85,97.69,97.07,93.38,88.73,66,93.95294117647057
66,82.46,97.07,98.54,98.73,98.58,98.61,97.65,98.24,98.15,98.09,98.37,98.28,98.38,97.96,96.74,94.49,67,95.13764705882353
67,82.06,96.9,98.41,98.61,98.13,98.48,97.98,98.24,98.1,98.21,98.5,98.38,98.5,98.17,97.1,94.64,68,95.20058823529412
68,76.55,92.62,96.42,95.84,94.99,95.38,89.55,92.7,94.36,95.54,95.87,96.15,95.63,94.65,87.02,71.86,69,90.24294117647058
69,80.29,95.17,98.02,98.35,97.83,98.24,97.39,97.31,96.97,97.46,97.66,97.83,97.68,96.03,92.3,85.89,70,93.78941176470589
70,51.33,37.3,47.25,54.7,56.96,69.7,68.29,76.21,72.81,79.4,69.3,79.47,76.56,79.52,78.2,70.96,71,66.99764705882353
71,83.18,96.83,98.5,98.67,98.54,98.68,98.17,98.45,98.15,98.27,98.44,98.35,98.41,98.14,97.31,95.21,72,95.6058823529412
72,81.21,95.75,98.16,98.49,98.21,98.49,97.56,97.89,97.61,97.94,98.03,98.01,97.78,96.83,92.54,85.25,73,94.27941176470587
73,50.46,37.48,43.82,49.96,54.21,68.77,65.73,72.99,71.68,77.54,66.71,77.98,74.35,75.92,75.7,67.45,74,64.98529411764706
74,80.19,95.33,98.2,98.55,98.08,98.22,97.44,97.08,97.0,97.0,97.35,96.82,96.88,93.59,85.87,71.85,75,92.61470588235294
75,53.07,50.22,62.15,76.11,80.18,86.02,88.61,89.66,91.1,91.62,93.49,95.22,94.93,94.91,92.99,89.42,76,82.68823529411766
76,79.03,95.09,98.01,98.45,98.12,98.46,97.94,97.99,97.81,98.0,98.19,97.68,97.49,94.13,86.59,73.71,77,93.15823529411763
77,82.1,95.47,98.18,98.53,98.35,98.6,98.11,98.1,97.9,98.27,98.38,98.11,97.7,95.97,90.18,76.54,78,94.02882352941177
78,80.09,94.91,97.92,98.28,97.73,97.98,96.9,96.82,96.49,96.71,96.79,96.42,96.14,93.48,87.03,74.09,79,92.75176470588237
79,81.8,96.01,98.2,98.45,98.04,98.37,97.55,97.49,97.34,97.57,97.52,97.27,97.09,94.14,87.05,75.06,80,93.46764705882352
80,83.03,96.94,98.54,98.72,98.56,98.64,97.99,98.21,97.83,97.89,98.07,97.93,98.1,97.63,95.35,93.04,81,95.73352941176469
81,81.79,96.31,98.44,98.84,98.62,98.6,97.98,98.32,97.88,98.05,97.82,97.6,97.62,95.86,85.5,81.7,82,94.28999999999999
82,83.28,97.01,98.56,98.73,98.58,98.66,98.0,98.3,97.93,98.01,98.2,98.08,98.22,97.8,95.62,93.04,83,95.94235294117647
83,83.67,97.22,98.6,98.78,98.63,98.71,98.17,98.43,98.15,98.24,98.41,98.15,98.19,97.52,94.07,89.52,84,95.79176470588236
84,82.39,97.27,98.6,98.76,98.61,98.69,98.17,98.35,98.04,98.16,98.33,98.21,98.37,97.93,96.76,95.04,85,96.27529411764705
85,83.04,97.38,98.61,98.77,98.62,98.68,98.04,98.2,97.75,97.77,97.73,97.71,97.94,97.26,95.23,93.56,86,96.01705882352941
86,82.49,97.28,98.61,98.76,98.61,98.69,98.19,98.36,98.04,98.13,98.33,98.04,98.33,97.89,96.66,94.76,87,96.3629411764706
87,82.3,97.13,98.56,98.73,98.57,98.66,98.06,98.28,97.93,97.97,98.05,97.45,97.67,96.24,89.07,75.67,88,94.60823529411766
88,84.14,97.47,98.66,98.79,98.68,98.75,98.15,98.58,98.41,98.5,98.63,98.37,98.49,98.12,96.73,94.44,89,96.70058823529413
89,83.68,97.42,98.66,98.8,98.71,98.77,98.26,98.57,98.31,98.46,98.53,98.39,98.38,97.84,94.18,89.08,90,96.23764705882353
90,79.93,95.33,98.18,98.73,98.5,98.37,97.52,97.74,97.41,97.54,97.15,97.14,96.5,93.32,78.27,67.12,91,92.92647058823529
91,83.25,97.33,98.64,98.79,98.69,98.76,98.25,98.55,98.3,98.45,98.56,98.48,98.53,98.23,96.71,94.76,92,96.84
92,81.81,96.0,98.34,98.81,98.62,98.55,97.83,98.32,97.97,98.07,97.89,97.97,97.81,96.84,88.21,80.66,93,95.10000000000001
93,78.91,94.92,97.97,98.37,98.06,97.87,97.07,97.21,97.19,97.17,97.72,96.84,96.74,94.54,90.77,85.38,94,94.74882352941174
94,80.34,94.74,97.82,98.21,97.87,97.51,96.58,96.47,96.61,96.56,96.93,96.18,95.78,93.49,85.92,66.72,95,93.10176470588237
95,78.38,94.65,97.82,98.31,97.99,97.81,96.83,97.24,97.08,97.25,97.07,96.2,95.75,92.64,77.55,69.08,96,92.8029411764706
96,73.01,93.71,97.21,98.33,97.87,97.89,97.45,97.96,97.33,97.75,97.47,97.73,97.38,96.08,88.93,81.82,97,94.40705882352941
97,71.17,92.62,96.59,97.98,97.34,97.36,96.8,97.22,96.54,97.23,96.93,97.33,97.07,95.9,88.27,72.72,98,93.35705882352941
98,80.64,96.76,98.47,98.68,98.58,98.63,98.4,98.58,98.35,98.43,98.58,98.46,98.54,98.21,97.32,94.53,99,97.06823529411764
99,77.84,95.14,97.98,98.68,98.42,98.48,98.1,98.48,98.18,98.36,98.32,98.18,97.98,97.03,89.86,75.99,100,95.11882352941177
100,81.12,96.86,98.51,98.69,98.59,98.62,98.32,98.48,98.25,98.25,98.42,98.16,98.35,97.9,95.63,92.98,101,96.94882352941177
101,84.72,97.56,98.7,98.83,98.76,98.81,98.45,98.72,98.57,98.6,98.62,98.61,98.62,98.4,97.57,94.94,102,97.67529411764707
102,82.64,96.84,98.56,98.74,98.61,98.71,98.12,98.49,98.28,98.35,98.4,98.26,98.18,97.31,91.93,83.69,103,96.3594117647059
103,83.33,97.32,98.62,98.77,98.63,98.7,98.08,98.41,98.1,98.15,98.16,98.18,98.36,97.99,96.79,94.65,104,97.42588235294117
104,85.83,96.02,98.34,98.75,98.71,98.72,98.16,98.4,98.01,97.83,97.42,97.13,95.92,90.85,78.79,69.47,105,94.31470588235295
105,83.1,97.15,98.61,98.77,98.63,98.68,97.97,98.34,98.0,97.9,97.95,97.91,97.89,96.88,91.09,86.55,106,96.55411764705883
106,84.91,97.59,98.73,98.83,98.73,98.81,98.36,98.58,98.22,98.2,98.01,98.39,98.53,98.22,97.34,94.63,107,97.82823529411768
107,83.92,97.5,98.67,98.8,98.65,98.74,98.01,98.5,98.35,98.27,98.02,98.44,98.47,98.17,97.57,94.67,108,97.80882352941178
108,79.89,95.57,98.24,98.74,98.5,98.49,97.81,98.1,97.52,97.59,96.49,97.23,96.6,93.98,87.73,74.59,109,95.06294117647059
