,Brightness_ID,Scores_ID,Amino Acid Sequence,Median Brightness,PAIR,ECOMB,ES3DC,ELOCAL,E3DC,E3D,ZPAIR,ZECOMB,ZES3DC,ZELOCAL,ZE3DC,Total Energy,RMSD,Number_of_atoms
0,high_brightness1,1,RDHMVLLEFVTAAGIT,3.719212132,312,-3966.5,128.78,9179.15,84.57,-13359,-0.92,-2.47,-1.71,-1.95,-3.78,-570.1366331,0.063096955,193
1,high_brightness2,2,RDHMVLLEFVTDAGIT,3.26338117,296.72,-3807.74,124.74,9430.15,97.77,-13460.4,-0.73,-2.51,-1.42,-2,-3.64,-542.1908143,0.041642237,191
2,high_brightness3,3,RDHMVLLEFVTSAGIT,3.577537007,28.45,-2613.48,-25.25,22540.7,-253.53,-24875.4,-4.19,-2.23,-4.11,-1.74,-6.34,-563.6549049,0.063402362,199
3,high_brightness4,4,RDHMVLLEFVTTAGIT,3.601923332,28.5,-2408.77,-21.12,22710.3,-247.75,-24850.2,-4.38,-2.11,-4.13,-1.67,-6.83,-557.3541797,0.062980495,196
4,high_brightness5,5,RDHMVLLEFVTVAGIT,3.574859345,26.21,-2656.61,-24.5,22425.2,-250.51,-24806.8,-4.53,-2.13,-3.64,-1.67,-6.45,-556.329837,0.061475761,196
5,high_brightness6,6,RDHMVLLEFVTADGIT,3.679188955,24.11,-2222.92,-29.81,22900.9,-246.02,-24848,-4.66,-2.16,-4.25,-1.73,-6.34,-539.8523912,0.058655921,200
6,high_brightness7,7,RDHMVLLEFVTAPGIT,3.731162002,26.16,-1786.11,-27.61,23362.3,-225.2,-24895.6,-4.03,-2.04,-3.8,-1.64,-6.18,-518.992255,0.06519942,200
7,high_brightness8,8,RDHMVLLEFVTASGIT,3.638205893,26.41,-2593.25,-24.93,22514.7,-251.72,-24831.3,-5.44,-2.37,-3.98,-1.9,-5.57,-564.0633518,0.062007774,199
8,high_brightness9,9,RDHMVLLEFVTATGIT,3.727954019,26.13,-2593.87,-25.47,22500.5,-251.7,-24817.2,-4.74,-2.2,-3.92,-1.74,-6.44,-561.3377531,0.062655322,201
9,high_brightness10,10,RDHMVLLEFVTAVGIT,3.63948833,309.76,-4043.21,128.76,9100.85,84.18,-13357,-0.84,-2.97,-1.58,-2.33,-4.45,-554.691786,0.062036991,196
10,high_brightness11,11,REHMVLLEFVTAAGIT,3.648837051,314.58,-3987.03,132.86,9110.25,85.66,-13315.8,-0.69,-2.56,-1.26,-2.04,-3.56,-568.1328109,0.065191701,201
11,high_brightness12,12,REHMVLLEFVTATGIT,3.508758442,303.84,-3909.34,131.56,9175,82.29,-13298.2,-0.84,-2.57,-1.58,-2.05,-3.93,-562.2715383,0.070647985,195
12,high_brightness13,13,REHMVLLESVTAAGIT,3.246993687,309.58,-3773.84,124.19,9405.4,94.17,-13397.6,-0.89,-3.11,-1.47,-2.43,-4.91,-533.2945412,0.032372959,186
13,high_brightness14,14,REHMVLLEFATAAGIT,3.504146848,318.99,-3833.44,133.9,9239.55,93.71,-13300.6,-0.5,-2.62,-1.23,-2.16,-3.32,-560.1719348,0.063683257,187
14,high_brightness15,15,RGHMVLLEFVTAAGIT,2.637184522,309.27,-3870.86,126.64,9202.4,95.69,-13295.6,-0.86,-2.69,-1.48,-2.13,-4.02,-548.3503332,0.060357947,191
15,high_brightness16,16,RNHMVLLEFVTAAGIT,3.419292574,309.9,-3995.5,132.65,9164.85,79.79,-13372.8,-0.53,-2.81,-1.45,-2.17,-3.88,-557.2907425,0.062820412,198
16,high_brightness17,17,RVHMVLLEFMTAAGIT,1.734527561,314.48,-3864.39,126.65,9192.65,97.91,-13281.6,-0.75,-2.71,-1.4,-2.12,-4.37,-557.2363955,0.071122833,191
17,high_brightness18,18,RDHMVLLAFVTAAGIT,3.150899817,327.72,-3929.2,132.77,9090.4,98.63,-13251,-0.58,-2.83,-1.42,-2.21,-4.2,-562.6601278,0.061056182,203
18,high_brightness19,19,RDHMVLLAYVTAAGIT,3.275218489,322.69,-3844.05,134.86,9200.65,94.65,-13274.2,-0.67,-3.01,-1.71,-2.39,-4.28,-571.8236304,0.061274949,204
19,high_brightness20,20,RDHMVLLDFVTAAGIT,3.503823338,315.07,-3921.78,126.1,9158.5,92.62,-13299,-0.89,-2.63,-1.62,-2.12,-3.57,-555.0870029,0.059980575,203
20,high_brightness21,21,RDHMVLLGFVTAAGIT,3.138123907,318.73,-3996.9,131.69,9078.3,92.71,-13299.6,-0.69,-2.88,-1.38,-2.27,-3.69,-557.1318174,0.074987642,199
21,high_brightness22,22,RDHMVLLGIVTAAGIT,3.211874474,319.25,-3962.49,130.04,9082.25,92.22,-13267,-0.92,-2.57,-1.81,-2.08,-4.04,-564.6775042,0.068245903,204
22,high_brightness23,23,RDHMVLLGFVAAAGIT,3.138157572,326.26,-3621.48,119.66,9477.8,128.66,-13347.6,-0.72,-2.58,-1.5,-2.16,-3.53,-534.9441328,0.082121424,205
23,high_brightness24,24,RDHMVLLGFVTAAGIA,3.119185074,318.21,-3705.47,118.26,9368.15,115.52,-13307.4,-0.56,-2.78,-1.4,-2.27,-3.86,-548.2047914,0.065622419,200
24,high_brightness25,25,RDHMVLLEIVTAAGIT,3.65841132,318.13,-3838.42,125.66,9323.2,91.92,-13379.2,-0.83,-2.75,-1.62,-2.23,-3.9,-565.2830219,0.056308087,195
25,high_brightness26,26,RDHMVLLELVTAAGIT,3.672855886,314.34,-3966.52,130.76,9182.8,86.12,-13366.2,-0.99,-2.44,-1.74,-1.88,-4.02,-567.3531522,0.061780322,200
26,high_brightness27,27,RDHMVLLELVTAAEIT,3.727787734,305.31,-4001.1,126.95,9129.4,79.15,-13336.6,-0.89,-3.03,-1.72,-2.36,-3.94,-572.4788998,0.064163245,202
27,high_brightness28,28,RDHMVLLELVTAAGTT,3.555746247,25.09,-2630.06,-25.03,22520.8,-249.73,-24876.1,-4.17,-2.44,-4.39,-1.95,-6.88,-557.5909898,0.063107789,199
28,high_brightness29,29,RDHMVLLELATAAGIT,3.270800542,26.59,-2495.89,-26.08,22718.3,-250.41,-24937.7,-4.7,-2.41,-3.61,-1.93,-6.03,-566.4803334,0.066139996,201
29,high_brightness30,30,RDHMVLLESVTAAGIT,3.653068328,25.53,-2164.28,-21.32,22933.6,-241.76,-24834.8,-4.63,-2.18,-3.58,-1.73,-7.49,-553.500903,0.026821347,193
30,high_brightness31,31,RDHMVLLESATAAGIT,3.217648178,26.12,-2313.74,-28.88,22882.1,-247.16,-24919.8,-4.22,-2.22,-3.81,-1.74,-6.07,-560.5135649,0.058819011,189
31,high_brightness32,32,RDHMVLLEVVTAAGIT,3.705676595,314.6,-4020.44,131.01,9103.45,82.11,-13337,-0.8,-2.86,-1.67,-2.27,-4.11,-563.4408582,0.060974684,198
32,high_brightness33,33,RDHMVLLEYVTAAGIT,3.741534292,309,-3995.31,132.29,9149.9,72.3,-13349.8,-0.61,-2.86,-1.43,-2.26,-4.12,-558.7193246,0.063980892,203
33,high_brightness34,34,RDHMVLLEYVTAAGFT,3.798730072,311.1,-3721.67,124.04,9296,94.29,-13236,-0.81,-2.94,-1.52,-2.41,-4,-546.5310282,0.056822442,203
34,high_brightness35,35,RDHMVLLEYVAAAGIT,3.721037458,315.37,-3897.32,129.33,9244.55,87.8,-13359,-0.89,-2.83,-1.49,-2.21,-4.21,-566.0022418,0.057876207,203
35,high_brightness36,36,RDHMVLLEYATAAGIT,3.504022032,316.49,-3885.11,135.14,9260.5,79.46,-13360.2,-0.59,-3.07,-1.44,-2.49,-3.63,-570.4448678,0.064801991,202
36,high_brightness37,37,RDHMVLLEFVTAAEIT,3.637395167,307.27,-3903.63,125.92,9228.4,88.25,-13346.2,-0.93,-2.49,-1.43,-1.97,-3.7,-565.8788698,0.063370757,198
37,high_brightness38,38,RDHMVLLEFVTAARIT,3.758576621,307.99,-3916.74,130.69,9155.6,80.77,-13283.8,-0.88,-2.27,-1.39,-1.8,-3.49,-551.1469271,0.059371386,200
38,high_brightness39,39,RDHMVLLEFVTAARFT,3.694205181,307.06,-3877.26,127.9,9274.55,91.29,-13371,-0.84,-2.63,-1.47,-2.06,-3.78,-549.3956274,0.061325006,202
39,high_brightness40,40,RDHMVLLEFVTAAVIT,3.668027207,316.33,-3872.03,124.06,9287.15,99.16,-13382.4,-0.83,-2.42,-1.89,-1.93,-3.57,-561.7568853,0.029704517,192
40,high_brightness41,41,RDHMVLLEFVTAAWIT,3.693902744,309.23,-4006.38,122.83,9182,95.39,-13406.6,-0.84,-2.82,-1.53,-2.25,-3.71,-568.2697247,0.065416612,204
41,high_brightness42,42,RDDMVLLEFVTAAGIT,1.510938872,316.46,-3932.21,130.01,9188.85,92.93,-13344,-0.89,-2.52,-1.52,-1.95,-4.2,-560.0810116,0.066121213,194
42,high_brightness43,43,RDLMVLLEFVTAAGIT,1.301030016,322.68,-3946.65,130.81,9105.75,102.99,-13286.2,-0.83,-2.76,-1.57,-2.17,-3.92,-551.5638176,0.063954562,195
43,high_brightness44,44,RDNMVLLEFVTAAGIT,3.532414298,315.46,-3963.68,134.82,9184.2,91.91,-13374.6,-0.7,-2.84,-1.35,-2.29,-4.02,-534.5915987,0.068334341,198
44,high_brightness45,45,RDPMVLLEFVTAAGIT,1.301029991,323.95,-3858.55,134.03,9140.4,106.81,-13239.8,-0.8,-2.87,-1.39,-2.35,-3.61,-540.2861854,0.06617377,197
45,high_brightness46,46,RDRMVLLEFVTAAGIT,1.540820651,312.81,-3522.71,112.07,9591.1,139.32,-13365.2,-1.03,-2.65,-1.69,-2.13,-3.8,-516.8340438,0.068349972,197
46,high_brightness47,47,RDRMVLLELVTAAGIT,1.301029994,315.43,-3879.09,125.79,9117.85,101.06,-13223.8,-0.86,-2.87,-1.6,-2.36,-3.83,-531.2651743,0.061747495,195
47,high_brightness48,48,RDRMVLLEFVTAAGVT,1.300336273,315.49,-3716.45,124.98,9244.55,115.22,-13201.2,-0.91,-2.63,-1.39,-2.1,-3.81,-494.2004933,0.058969036,200
48,high_brightness49,49,RDRMVPLEFVTAAGIT,1.814279304,301.59,-3783.5,129.88,9195.7,97.12,-13206.2,-0.9,-2.56,-0.99,-2.05,-3.77,-494.3319792,0.074064992,197
49,high_brightness50,50,RDRMVLLEFVAAAGIT,1.418480607,319.67,-3555.34,121,9392.65,127.21,-13196.2,-0.67,-3.01,-1.22,-2.42,-4.26,-507.5893228,0.060681351,203
50,high_brightness51,51,RDHMVLLEFVTAAGDT,3.691096719,309.68,-3523.85,127.24,9436.9,111.61,-13199.6,-0.53,-2.32,-1.62,-1.87,-3.46,-547.7943813,0.060441766,209
51,high_brightness52,52,RDHMVLLEFVTAAGFT,3.678282804,309.85,-3852.31,121.73,9319.55,96.01,-13389.6,-0.83,-2.56,-1.64,-1.98,-3.94,-521.8343704,0.027123161,192
52,high_brightness53,53,RDHMVLLEFVTAAGMT,3.774339498,310.25,-3827.46,120.09,9326.15,100.91,-13374.6,-0.61,-2.67,-1.8,-2.18,-3.68,-526.3453603,0.028714867,191
53,high_brightness54,54,RDHMVLLEFVTAAGNT,3.653150516,310.13,-3938.3,124.98,9256.9,90.62,-13410.8,-0.78,-2.4,-1.77,-1.94,-3.85,-547.2989386,0.029029319,191
54,high_brightness55,55,RDHMVLLEFVTAAGTT,3.706533893,306.76,-3946.63,130.05,9197.35,86.77,-13360.8,-0.81,-2.74,-1.59,-2.19,-3.7,-566.4098229,0.057287242,200
55,high_brightness56,56,RDHMVLLEFVTAAGTI,3.79480957,310.21,-3861.53,132.95,9275,94.51,-13364,-0.91,-2.51,-1.4,-2.03,-3.62,-537.6045638,0.063465849,206
56,high_brightness57,57,RDHMVLLEFVTAAGVT,3.696424381,317.62,-3831.06,124.99,9313.7,97.06,-13366.8,-0.56,-2.59,-1.5,-2.04,-3.8,-544.5182765,0.029070253,195
57,high_brightness58,58,RDHMVLLEFVTAAGVA,3.649625335,318.12,-3878.51,127.76,9309.55,95.37,-13411.2,-0.9,-2.33,-1.92,-1.81,-4.03,-556.2559798,0.027795019,192
58,high_brightness59,59,RDHMVPLEFVTAAGIT,1.304706482,306.41,-3741.19,140.91,9252.85,92.85,-13227.8,-0.69,-2.51,-0.95,-2.01,-3.63,-537.3693357,0.074889958,203
59,high_brightness60,60,RDHMVPLEFVPAAGIT,1.301030001,321.93,-3685.46,143.48,9302.15,111.11,-13242.2,-0.56,-2.66,-1.13,-2.18,-3.73,-479.9422494,0.068313599,190
60,high_brightness61,61,RDHMVQLEFVTAAGIT,3.085452718,305.09,-3975.93,130.65,9126.15,81.07,-13313.8,-0.86,-3.21,-1.56,-2.57,-3.91,-554.2341565,0.057532459,200
61,high_brightness62,62,RDHMVLPEFVTAAGIA,1.589798901,315.48,-3990.36,141.33,9029.05,99.86,-13260.6,-0.97,-2.61,-1.39,-2.05,-3.99,-435.9548079,0.057709731,192
62,high_brightness63,63,RDHMVLQEFVTAAGIT,3.747805979,310.33,-3931.42,124.89,9286.2,91.89,-13434.4,-0.79,-2.7,-1.57,-2.14,-4.01,-555.1791684,0.02959788,198
63,high_brightness64,64,RDHMVLQEFVSAAGIT,3.697530554,308.42,-3937.01,126.77,9192.75,89.48,-13346,-0.83,-2.89,-1.6,-2.39,-4,-566.1038661,0.05633162,202
64,high_brightness65,65,RDHMVLQEFATAAGIT,3.64976369,28.44,-2504.11,-27.62,22664,-250.89,-24889.6,-4.12,-2.12,-3.9,-1.67,-6.08,-561.5235009,0.061584983,190
65,high_brightness66,66,RDHMVLREFVTAAGIT,3.710983372,29.31,-2594.81,-24.44,22564.9,-251.17,-24884.1,-4.35,-2.19,-4.26,-1.76,-5.82,-566.6605496,0.059480667,202
66,high_brightness67,67,RDHMVLVEFVTAAGIT,3.793346556,24.33,-2632.39,-27.63,22542,-251.05,-24895.7,-4.2,-1.9,-3.34,-1.51,-5.82,-566.5213307,0.05761537,192
67,high_brightness68,68,RDHIVLLEFVTAAGIT,3.543447479,24.89,-2663.83,-29.61,22467.3,-250.12,-24851.4,-4.48,-1.91,-3.81,-1.46,-5.58,-561.3901794,0.059162691,197
68,high_brightness69,69,RDHIVLPEFVTAAGIT,1.301030188,27.44,-2674.33,-24.92,22452,-232.62,-24868.8,-4.35,-2.61,-3.74,-2.08,-6.83,-461.5420709,0.064777866,194
69,high_brightness70,70,RDHIVLLEFATAAGIT,3.152037944,323.43,-4026.63,138.9,9119.25,80.42,-13365.2,-0.58,-2.5,-1.54,-1.96,-3.7,-548.5915645,0.068252034,194
70,high_brightness71,71,RDHKVLLEFVTAAGIT,1.64065702,309.83,-3594.25,120.52,9529.2,108.82,-13352.8,-0.91,-2.82,-1.59,-2.2,-4.5,-452.9133832,0.07367947,192
71,high_brightness72,72,RDHLVLLEFVTAAGIT,3.636033146,314.18,-4025.72,133.34,9145.85,83.29,-13388.2,-0.95,-2.56,-1.43,-2.05,-3.92,-567.5914112,0.06589064,202
72,high_brightness73,73,RDHLVLLESVTAAGIT,3.770571337,315.05,-3863.13,130.36,9278,90.7,-13362.2,-0.83,-2.74,-1.4,-2.21,-3.9,-567.3950085,0.066105127,206
73,high_brightness74,74,RDHRVLLEFVTAAGIT,1.641932147,312.03,-3731.13,122.72,9326.75,106.59,-13287.2,-0.58,-2.65,-1.19,-2.13,-3.68,-486.7410983,0.069159821,190
74,high_brightness75,75,RDHTVLLEFVTAAGIT,3.493437316,28.78,-2336.22,-32.34,22775,-239.58,-24839.3,-3.61,-2.75,-3.89,-2.24,-5.96,-561.7187978,0.067399353,193
75,high_brightness76,76,RDHTVLLELVTAAGIT,3.361150046,15.99,-2201.97,-40.88,22825.4,-226.88,-24759.6,-4.83,-2.22,-3.89,-1.76,-6.73,-524.9275779,0.061509579,190
76,high_brightness77,77,RDHVVLLEFVTAAGIT,3.479889093,23.53,-2552.73,-33.45,22591.6,-248.39,-24862.5,-4.04,-2.3,-4.31,-1.84,-6.42,-559.0375254,0.062068608,191
77,high_brightness78,78,RDHVVLLELVTAAGIT,3.408409194,23.72,-2449.3,-30.09,22770.9,-243.51,-24946.6,-3.88,-1.98,-4.31,-1.53,-6.33,-561.577795,0.066077344,192
78,high_brightness79,79,RDHVVLLEFVAAAGIT,3.33647607,321.35,-3950.1,136.73,9154.75,95.63,-13337.2,-0.78,-2.45,-1.4,-1.92,-4.44,-566.723478,0.064941794,194
79,high_brightness80,80,RDHVVLLEFVTAAGIA,3.535916217,314.58,-3990.22,133.98,9114.85,86.95,-13326,-0.97,-3.37,-1.88,-2.83,-3.45,-567.583201,0.064836711,195
80,high_brightness81,81,RDHMVLLEFVAAAGIT,3.696311919,318.93,-3875.7,129.35,9245.55,100.2,-13350.8,-0.6,-2.26,-1.6,-1.85,-3.3,-570.0907361,0.061206296,203
81,high_brightness82,82,RDHMVLLEFVAAVGIT,3.771880837,316.49,-3841.13,130.45,9388.35,105.66,-13465.6,-1.08,-2.81,-1.8,-2.18,-4.22,-547.330428,0.03636894,195
82,high_brightness83,83,RDHMVLLEFVIAAGIT,3.621050562,316.6,-4017.7,131.02,9130.75,91.53,-13371,-0.77,-2.43,-1.44,-1.89,-3.87,-568.707656,0.064353913,207
83,high_brightness84,84,RDHMVLLEFVIAAGVT,3.654184538,319.42,-3930.28,127.2,9229.7,100.22,-13387.4,-0.67,-2.86,-1.54,-2.22,-4,-560.9188026,0.063428573,199
84,high_brightness85,85,RDHMVLLEFVNAAGIT,3.658701352,309.82,-4013.37,128.75,9118.15,82.73,-13343,-0.68,-2.44,-1.4,-1.97,-3.62,-572.2852896,0.057580139,201
85,high_brightness86,86,RDHMVLLEFVPAAGIT,2.725740182,315.54,-3990.91,128.4,9086.8,85.09,-13291.2,-1.05,-2.82,-1.84,-2.19,-4.16,-546.2817543,0.05460757,192
86,high_brightness87,87,RDHMVLLEFVSAAGIT,3.769816142,312.94,-3994.41,128.25,9147.9,82.84,-13353.4,-0.7,-2.6,-1.54,-2.04,-4.08,-563.3204692,0.060317628,201
87,high_brightness88,88,RDHMVLLEFVSAAGTT,3.7152577,304.13,-3916.81,128.04,9180.9,85.25,-13311,-1.08,-3,-1.72,-2.37,-4.37,-562.5304814,0.061342806,198
88,high_brightness89,89,RDHMVLLEFVSAAGIA,3.852659353,312.02,-3967.36,130.06,9201.25,86.92,-13385.6,-1.07,-2.54,-1.76,-1.99,-3.66,-565.4552693,0.060232315,194
89,high_brightness90,90,RDHMVLLEFVTAAGIA,3.716070082,26.34,-2469.94,-25.79,22639,-239.95,-24843.2,-4.32,-2.1,-4.93,-1.65,-5.88,-573.4385579,0.061927017,203
90,high_brightness91,91,RDHMVLLEFVTAAGII,3.634952945,26.59,-2203.72,-20.33,22906.2,-236.79,-24852.8,-4.64,-2.17,-3.39,-1.73,-5.88,-550.5403796,0.026613455,192
91,high_brightness92,92,RDHMVLLEFVTAAGIP,3.718178592,25.93,-2609.51,-25.58,22519.1,-250.33,-24852.7,-4.86,-2.19,-3.99,-1.67,-7,-575.1907331,0.061427221,202
92,high_brightness93,93,RDHMVLLEFVTAAGIS,3.735574167,24.34,-2284.22,-22.15,22845.5,-238.77,-24868.8,-4.13,-2.19,-3.47,-1.8,-5.24,-541.6248968,0.025915807,184
93,high_brightness94,94,RDHMALLEFVTAAGIT,3.525618783,28.55,-2388.64,-23.05,22754.9,-244.28,-24876.2,-4.26,-2.05,-4.07,-1.61,-5.8,-557.2113646,0.064872056,198
94,high_brightness95,95,RDHMALLEFVTAAGTT,3.292895402,25.21,-2351.69,-22.37,22862.6,-245.32,-24946.6,-4.34,-2.25,-4.12,-1.8,-5.73,-562.5953669,0.06595096,197
95,high_brightness96,96,RDHMALLEFVAAAGIT,3.300891867,25.98,-2225.07,-22.41,22980.8,-239.96,-24943.5,-3.62,-2.54,-3.99,-2.03,-7.05,-553.7615366,0.064781398,195
96,high_brightness97,97,RDHMDLLEFVTAAGIT,3.391817209,28.12,-2226.14,-22.99,22958.7,-243.25,-24918.6,-3.96,-2.11,-3.79,-1.7,-5.38,-534.7785677,0.032919146,192
97,high_brightness98,98,RDHMDLLEFVTAAGTT,3.320417063,26.76,-2326.31,-25,22859.1,-248.7,-24911.7,-4.62,-2.03,-3.97,-1.56,-6.55,-554.8901186,0.025732795,179
98,high_brightness99,99,RDHMILLEFVTAAGIT,3.777512004,27.33,-2605.74,-23.23,22561.6,-250.11,-24894,-3.91,-2.21,-3.48,-1.77,-5.06,-571.7428012,0.067255504,201
99,high_brightness100,100,RDHMILLEFVTAAGTT,3.65836363,308.29,-3981.62,129.86,9179.6,83.12,-13374.2,-0.86,-2.63,-1.51,-2.13,-3.39,-557.9308105,0.029452758,187
100,high_brightness101,101,RDHMILLEFVSAAGIT,3.65635479,313.45,-3984.13,134.35,9109.85,84.88,-13313.2,-0.88,-2.61,-1.39,-1.98,-4,-553.0735934,0.062399182,199
101,high_brightness102,102,RDHMVLLEFATAAGIT,3.504383283,319.11,-3984,132.97,9151.65,81.78,-13350.4,-0.58,-2.51,-1.6,-2.01,-3.18,-558.5286971,0.066257522,191
102,high_brightness103,103,RDHMVLLEFATAAGTT,3.555387563,308.95,-3891.57,132.42,9236.15,82.46,-13342.6,-0.94,-2.94,-1.55,-2.38,-3.89,-562.114717,0.066770136,193
103,high_brightness104,104,RDHMVLLEFASAAGIT,3.503598871,322.91,-3822.78,135.25,9265.2,92.57,-13315.8,-0.5,-2.5,-1.25,-2.02,-3.74,-523.8755975,0.06205225,195
104,high_brightness105,105,RDHMVLLEFATAAGII,3.435219324,327.09,-3689.57,129.29,9367.25,109.89,-13296,-0.6,-2.6,-1.29,-2.03,-4.2,-539.7606894,0.065924741,203
105,high_brightness106,106,RDHMVLLEFATAAGIS,3.460471709,320.96,-3842.74,134.7,9304.35,97.81,-13379.6,-0.72,-2.54,-1.38,-2.03,-3.81,-559.4239279,0.063207082,195
106,high_brightness107,107,RDHMVLLEFETAAGIT,3.256948921,302.15,-3988.02,125.47,9196.15,72.56,-13382.2,-0.87,-2.6,-1.6,-2.02,-4.07,-567.5871369,0.064640991,196
107,high_brightness108,108,RDHMVLLEFGTAAGIT,3.284122628,26.23,-2496.93,-28.57,22676.1,-252.85,-24891.6,-4.54,-2.16,-3.8,-1.7,-5.42,-554.4232125,0.064193875,187
108,high_brightness109,109,RDHMVLLEFLTAAGIT,3.787350902,314.93,-3973.81,127.9,9244.05,90.83,-13436.6,-0.84,-2.69,-1.66,-2.13,-3.83,-557.1121915,0.029234886,192
