,File,RMSD,Number_of_atoms
0,high_brightness1,0.063096955,193
1,high_brightness2,0.041642237,191
2,high_brightness3,0.063402362,199
3,high_brightness4,0.062980495,196
4,high_brightness5,0.061475761,196
5,high_brightness6,0.058655921,200
6,high_brightness7,0.06519942,200
7,high_brightness8,0.062007774,199
8,high_brightness9,0.062655322,201
9,high_brightness10,0.062036991,196
10,high_brightness11,0.065191701,201
11,high_brightness12,0.070647985,195
12,high_brightness13,0.032372959,186
13,high_brightness14,0.063683257,187
14,high_brightness15,0.060357947,191
15,high_brightness16,0.062820412,198
16,high_brightness17,0.071122833,191
17,high_brightness18,0.061056182,203
18,high_brightness19,0.061274949,204
19,high_brightness20,0.059980575,203
20,high_brightness21,0.074987642,199
21,high_brightness22,0.068245903,204
22,high_brightness23,0.082121424,205
23,high_brightness24,0.065622419,200
24,high_brightness25,0.056308087,195
25,high_brightness26,0.061780322,200
26,high_brightness27,0.064163245,202
27,high_brightness28,0.063107789,199
28,high_brightness29,0.066139996,201
29,high_brightness30,0.026821347,193
30,high_brightness31,0.058819011,189
31,high_brightness32,0.060974684,198
32,high_brightness33,0.063980892,203
33,high_brightness34,0.056822442,203
34,high_brightness35,0.057876207,203
35,high_brightness36,0.064801991,202
36,high_brightness37,0.063370757,198
37,high_brightness38,0.059371386,200
38,high_brightness39,0.061325006,202
39,high_brightness40,0.029704517,192
40,high_brightness41,0.065416612,204
41,high_brightness42,0.066121213,194
42,high_brightness43,0.063954562,195
43,high_brightness44,0.068334341,198
44,high_brightness45,0.06617377,197
45,high_brightness46,0.068349972,197
46,high_brightness47,0.061747495,195
47,high_brightness48,0.058969036,200
48,high_brightness49,0.074064992,197
49,high_brightness50,0.060681351,203
50,high_brightness51,0.060441766,209
51,high_brightness52,0.027123161,192
52,high_brightness53,0.028714867,191
53,high_brightness54,0.029029319,191
54,high_brightness55,0.057287242,200
55,high_brightness56,0.063465849,206
56,high_brightness57,0.029070253,195
57,high_brightness58,0.027795019,192
58,high_brightness59,0.074889958,203
59,high_brightness60,0.068313599,190
60,high_brightness61,0.057532459,200
61,high_brightness62,0.057709731,192
62,high_brightness63,0.02959788,198
63,high_brightness64,0.05633162,202
64,high_brightness65,0.061584983,190
65,high_brightness66,0.059480667,202
66,high_brightness67,0.05761537,192
67,high_brightness68,0.059162691,197
68,high_brightness69,0.064777866,194
69,high_brightness70,0.068252034,194
70,high_brightness71,0.07367947,192
71,high_brightness72,0.06589064,202
72,high_brightness73,0.066105127,206
73,high_brightness74,0.069159821,190
74,high_brightness75,0.067399353,193
75,high_brightness76,0.061509579,190
76,high_brightness77,0.062068608,191
77,high_brightness78,0.066077344,192
78,high_brightness79,0.064941794,194
79,high_brightness80,0.064836711,195
80,high_brightness81,0.061206296,203
81,high_brightness82,0.03636894,195
82,high_brightness83,0.064353913,207
83,high_brightness84,0.063428573,199
84,high_brightness85,0.057580139,201
85,high_brightness86,0.05460757,192
86,high_brightness87,0.060317628,201
87,high_brightness88,0.061342806,198
88,high_brightness89,0.060232315,194
89,high_brightness90,0.061927017,203
90,high_brightness91,0.026613455,192
91,high_brightness92,0.061427221,202
92,high_brightness93,0.025915807,184
93,high_brightness94,0.064872056,198
94,high_brightness95,0.06595096,197
95,high_brightness96,0.064781398,195
96,high_brightness97,0.032919146,192
97,high_brightness98,0.025732795,179
98,high_brightness99,0.067255504,201
99,high_brightness100,0.029452758,187
100,high_brightness101,0.062399182,199
101,high_brightness102,0.066257522,191
102,high_brightness103,0.066770136,193
103,high_brightness104,0.06205225,195
104,high_brightness105,0.065924741,203
105,high_brightness106,0.063207082,195
106,high_brightness107,0.064640991,196
107,high_brightness108,0.064193875,187
108,high_brightness109,0.029234886,192
